{
	"music.explode": {
		"sounds": [
			"music/explode"
		]
	},
        "custom.cover": {
		"sounds": [
			"custom/cover"
		]
	},
        "custom.barrset": {
		"sounds": [
			"custom/barrset"
		]
	},
        "custom.return1": {
		"sounds": [
			"custom/return1"
		]
	},
        "custom.return2": {
		"sounds": [
			"custom/return2"
		]
	},
        "custom.protect1": {
		"sounds": [
			"custom/protect1"
		]
	},
        "custom.gather2": {
		"sounds": [
			"custom/gather2"
		]
	},
        "custom.protect2": {
		"sounds": [
			"custom/protect2"
		]
	},
        "custom.gather3": {
		"sounds": [
			"custom/gather3"
		]
	},
        "custom.protect3": {
		"sounds": [
			"custom/protect3"
		]
	}		
}
